Workbook

Sheet Project
E9: Cyber Crimes Against Women in India — State wise Analysis (2024)

Sheet Raw Data
A1: SL | B1: State/UT | C1: Cyber Blackmailing | D1: Cyber Pornography | E1: Cyber Stalking | F1: Sexual Intercourse by Deceitful Means | G1: Defamation/Morphing | H1: Fake Profile | I1: Other Crimes against Women | J1: Total Cyber Crimes against Women
A2: 1 | B2: Andhra Pradesh | C2: 12 | D2: 29 | E2: 146 | F2: 6 | G2: 0 | H2: 2 | I2: 447 | J2: =SUM(C2:I2) -> 642
A3: 2 | B3: Arunachal Pradesh | C3: 0 | D3: 5 | E3: 0 | F3: 0 | G3: 0 | H3: 0 | I3: 20 | J3: =SUM(C3:I3) -> 25
A4: 3 | B4: Assam | C4: 0 | D4: 81 | E4: 0 | F4: 0 | G4: 0 | H4: 0 | I4: 115 | J4: =SUM(C4:I4) -> 196
A5: 4 | B5: Bihar | C5: 40 | D5: 12 | E5: 73 | F5: 0 | G5: 0 | H5: 70 | I5: 669 | J5: =SUM(C5:I5) -> 864
A6: 5 | B6: Chhattisgarh | C6: 1 | D6: 290 | E6: 4 | F6: 0 | G6: 1 | H6: 1 | I6: 63 | J6: =SUM(C6:I6) -> 360
A7: 6 | B7: Goa | C7: 0 | D7: 6 | E7: 0 | F7: 0 | G7: 0 | H7: 0 | I7: 17 | J7: =SUM(C7:I7) -> 23
A8: 7 | B8: Gujarat | C8: 13 | D8: 61 | E8: 26 | F8: 4 | G8: 0 | H8: 0 | I8: 270 | J8: =SUM(C8:I8) -> 374
A9: 8 | B9: Haryana | C9: 5 | D9: 92 | E9: 17 | F9: 0 | G9: 2 | H9: 0 | I9: 284 | J9: =SUM(C9:I9) -> 400
A10: 9 | B10: Himachal Pradesh | C10: 0 | D10: 16 | E10: 0 | F10: 0 | G10: 0 | H10: 0 | I10: 14 | J10: =SUM(C10:I10) -> 30
A11: 10 | B11: Jharkhand | C11: 0 | D11: 11 | E11: 5 | F11: 0 | G11: 0 | H11: 0 | I11: 0 | J11: =SUM(C11:I11) -> 16
A12: 11 | B12: Karnataka | C12: 0 | D12: 133 | E12: 0 | F12: 0 | G12: 2 | H12: 0 | I12: 6190 | J12: =SUM(C12:I12) -> 6325
A13: 12 | B13: Kerala | C13: 2 | D13: 94 | E13: 45 | F13: 11 | G13: 2 | H13: 3 | I13: 575 | J13: =SUM(C13:I13) -> 732
... A29: 28 | B29: West Bengal | C29: 3 | D29: 82 | E29: 10 | F29: 0 | G29: 0 | H29: 0 | I29: 52 | J29: =SUM(C29:I29) -> 147

Sheet Crime Rate Per Lakh
A1: State | B1: Female Population (thousands) | C1: Total crime | D1: Cyber Crime Rate per 1 Lakh Women | E1: Cyber Crime Rate Rank per 1 Lakh Women
A2: Karnataka | B2: 33558 | C2: =_xlfn.XLOOKUP(A2,'Raw Data'!$B$2:$B$29,'Raw Data'!$J$2:$J$29) -> 6325 | D2: =(C2/(B2*1000))*100000 -> 18.847965 | E2: =RANK(D2,D$2:D$29,0) -> 1
A3: Telangana | B3: 19030 | C3: =_xlfn.XLOOKUP(A3,'Raw Data'!$B$2:$B$29,'Raw Data'!$J$2:$J$29) -> 1225 | D3: =(C3/(B3*1000))*100000 -> 6.4372044 | E3: =RANK(D3,D$2:D$29,0) -> 2
A4: Mizoram | B4: 620 | C4: =_xlfn.XLOOKUP(A4,'Raw Data'!$B$2:$B$29,'Raw Data'!$J$2:$J$29) -> 33 | D4: =(C4/(B4*1000))*100000 -> 5.3225806 | E4: =RANK(D4,D$2:D$29,0) -> 3
A5: Maharashtra | B5: 61103 | C5: =_xlfn.XLOOKUP(A5,'Raw Data'!$B$2:$B$29,'Raw Data'!$J$2:$J$29) -> 2496 | D5: =(C5/(B5*1000))*100000 -> 4.0849058 | E5: =RANK(D5,D$2:D$29,0) -> 4
A6: Kerala | B6: 18666 | C6: =_xlfn.XLOOKUP(A6,'Raw Data'!$B$2:$B$29,'Raw Data'!$J$2:$J$29) -> 732 | D6: =(C6/(B6*1000))*100000 -> 3.9215686 | E6: =RANK(D6,D$2:D$29,0) -> 5
A7: Tamil Nadu | B7: 38630 | C7: =_xlfn.XLOOKUP(A7,'Raw Data'!$B$2:$B$29,'Raw Data'!$J$2:$J$29) -> 1274 | D7: =(C7/(B7*1000))*100000 -> 3.297955 | E7: =RANK(D7,D$2:D$29,0) -> 6
A8: Arunachal Pradesh | B8: 766 | C8: =_xlfn.XLOOKUP(A8,'Raw Data'!$B$2:$B$29,'Raw Data'!$J$2:$J$29) -> 25 | D8: =(C8/(B8*1000))*100000 -> 3.2637076 | E8: =RANK(D8,D$2:D$29,0) -> 7
A9: Odisha | B9: 23150 | C9: =_xlfn.XLOOKUP(A9,'Raw Data'!$B$2:$B$29,'Raw Data'!$J$2:$J$29) -> 719 | D9: =(C9/(B9*1000))*100000 -> 3.1058315 | E9: =RANK(D9,D$2:D$29,0) -> 8
A10: Goa | B10: 786 | C10: =_xlfn.XLOOKUP(A10,'Raw Data'!$B$2:$B$29,'Raw Data'!$J$2:$J$29) -> 23 | D10: =(C10/(B10*1000))*100000 -> 2.9262087 | E10: =RANK(D10,D$2:D$29,0) -> 9
A11: Haryana | B11: 14406 | C11: =_xlfn.XLOOKUP(A11,'Raw Data'!$B$2:$B$29,'Raw Data'!$J$2:$J$29) -> 400 | D11: =(C11/(B11*1000))*100000 -> 2.7766209 | E11: =RANK(D11,D$2:D$29,0) -> 10
A12: Andhra Pradesh | B12: 26678 | C12: =_xlfn.XLOOKUP(A12,'Raw Data'!$B$2:$B$29,'Raw Data'!$J$2:$J$29) -> 642 | D12: =(C12/(B12*1000))*100000 -> 2.4064772 | E12: =RANK(D12,D$2:D$29,0) -> 11
A13: Chhattisgarh | B13: 15215 | C13: =_xlfn.XLOOKUP(A13,'Raw Data'!$B$2:$B$29,'Raw Data'!$J$2:$J$29) -> 360 | D13: =(C13/(B13*1000))*100000 -> 2.3660861 | E13: =RANK(D13,D$2:D$29,0) -> 12
... A29: Jharkhand | B29: 19523 | C29: =_xlfn.XLOOKUP(A29,'Raw Data'!$B$2:$B$29,'Raw Data'!$J$2:$J$29) -> 16 | D29: =(C29/(B29*1000))*100000 -> 0.081954618 | E29: =RANK(D29,D$2:D$29,0) -> 28

Sheet Rank and Contribution
A1: SI | B1: State | C1: Total Crime | D1: Rank | E1: Contribution
A2: 11 | B2: =_xlfn.XLOOKUP(A2,'Raw Data'!A$2:A$29,'Raw Data'!B$2:B$29) -> Karnataka | C2: =_xlfn.XLOOKUP(B2,'Raw Data'!B12:B30,'Raw Data'!J12:J30) -> 6325 | D2: =RANK(C2,$C$2:$C$29,0) -> 1 | E2: =C2/SUM($C$2:$C$29) -> 0.34545852
A3: 14 | B3: =_xlfn.XLOOKUP(A3,'Raw Data'!A$2:A$29,'Raw Data'!B$2:B$29) -> Maharashtra | C3: =_xlfn.XLOOKUP(B3,'Raw Data'!B15:B42,'Raw Data'!J15:J42) -> 2496 | D3: =RANK(C3,$C$2:$C$29,0) -> 2 | E3: =C3/SUM($C$2:$C$29) -> 0.1363264
A4: 26 | B4: =_xlfn.XLOOKUP(A4,'Raw Data'!A$2:A$29,'Raw Data'!B$2:B$29) -> Uttar Pradesh | C4: =_xlfn.XLOOKUP(B4,'Raw Data'!B27:B54,'Raw Data'!J27:J54) -> 1392 | D4: =RANK(C4,$C$2:$C$29,0) -> 3 | E4: =C4/SUM($C$2:$C$29) -> 0.076028183
A5: 23 | B5: =_xlfn.XLOOKUP(A5,'Raw Data'!A$2:A$29,'Raw Data'!B$2:B$29) -> Tamil Nadu | C5: =_xlfn.XLOOKUP(B5,'Raw Data'!B24:B51,'Raw Data'!J24:J51) -> 1274 | D5: =RANK(C5,$C$2:$C$29,0) -> 4 | E5: =C5/SUM($C$2:$C$29) -> 0.069583265
A6: 24 | B6: =_xlfn.XLOOKUP(A6,'Raw Data'!A$2:A$29,'Raw Data'!B$2:B$29) -> Telangana | C6: =_xlfn.XLOOKUP(B6,'Raw Data'!B25:B52,'Raw Data'!J25:J52) -> 1225 | D6: =RANK(C6,$C$2:$C$29,0) -> 5 | E6: =C6/SUM($C$2:$C$29) -> 0.066906986
A7: 4 | B7: =_xlfn.XLOOKUP(A7,'Raw Data'!A$2:A$29,'Raw Data'!B$2:B$29) -> Bihar | C7: =_xlfn.XLOOKUP(B7,'Raw Data'!B5:B30,'Raw Data'!J5:J30) -> 864 | D7: =RANK(C7,$C$2:$C$29,0) -> 6 | E7: =C7/SUM($C$2:$C$29) -> 0.047189907
A8: 12 | B8: =_xlfn.XLOOKUP(A8,'Raw Data'!A$2:A$29,'Raw Data'!B$2:B$29) -> Kerala | C8: =_xlfn.XLOOKUP(B8,'Raw Data'!B13:B30,'Raw Data'!J13:J30) -> 732 | D8: =RANK(C8,$C$2:$C$29,0) -> 7 | E8: =C8/SUM($C$2:$C$29) -> 0.039980338
A9: 19 | B9: =_xlfn.XLOOKUP(A9,'Raw Data'!A$2:A$29,'Raw Data'!B$2:B$29) -> Odisha | C9: =_xlfn.XLOOKUP(B9,'Raw Data'!B20:B47,'Raw Data'!J20:J47) -> 719 | D9: =RANK(C9,$C$2:$C$29,0) -> 8 | E9: =C9/SUM($C$2:$C$29) -> 0.039270304
A10: 1 | B10: =_xlfn.XLOOKUP(A10,'Raw Data'!A$2:A$29,'Raw Data'!B$2:B$29) -> Andhra Pradesh | C10: =_xlfn.XLOOKUP(B10,'Raw Data'!B2:B29,'Raw Data'!J2:J29) -> 642 | D10: =RANK(C10,$C$2:$C$29,0) -> 9 | E10: =C10/SUM($C$2:$C$29) -> 0.035064722
A11: 8 | B11: =_xlfn.XLOOKUP(A11,'Raw Data'!A$2:A$29,'Raw Data'!B$2:B$29) -> Haryana | C11: =_xlfn.XLOOKUP(B11,'Raw Data'!B9:B30,'Raw Data'!J9:J30) -> 400 | D11: =RANK(C11,$C$2:$C$29,0) -> 10 | E11: =C11/SUM($C$2:$C$29) -> 0.021847179
A12: 21 | B12: =_xlfn.XLOOKUP(A12,'Raw Data'!A$2:A$29,'Raw Data'!B$2:B$29) -> Rajasthan | C12: =_xlfn.XLOOKUP(B12,'Raw Data'!B22:B49,'Raw Data'!J22:J49) -> 398 | D12: =RANK(C12,$C$2:$C$29,0) -> 11 | E12: =C12/SUM($C$2:$C$29) -> 0.021737943
A13: 7 | B13: =_xlfn.XLOOKUP(A13,'Raw Data'!A$2:A$29,'Raw Data'!B$2:B$29) -> Gujarat | C13: =_xlfn.XLOOKUP(B13,'Raw Data'!B8:B30,'Raw Data'!J8:J30) -> 374 | D13: =RANK(C13,$C$2:$C$29,0) -> 12 | E13: =C13/SUM($C$2:$C$29) -> 0.020427112
A14: 5 | B14: =_xlfn.XLOOKUP(A14,'Raw Data'!A$2:A$29,'Raw Data'!B$2:B$29) -> Chhattisgarh | C14: =_xlfn.XLOOKUP(B14,'Raw Data'!B6:B30,'Raw Data'!J6:J30) -> 360 | D14: =RANK(C14,$C$2:$C$29,0) -> 13 | E14: =C14/SUM($C$2:$C$29) -> 0.019662461
A15: 13 | B15: =_xlfn.XLOOKUP(A15,'Raw Data'!A$2:A$29,'Raw Data'!B$2:B$29) -> Madhya Pradesh | C15: =_xlfn.XLOOKUP(B15,'Raw Data'!B14:B41,'Raw Data'!J14:J41) -> 344 | D15: =RANK(C15,$C$2:$C$29,0) -> 14 | E15: =C15/SUM($C$2:$C$29) -> 0.018788574
A16: 3 | B16: =_xlfn.XLOOKUP(A16,'Raw Data'!A$2:A$29,'Raw Data'!B$2:B$29) -> Assam | C16: =_xlfn.XLOOKUP(B16,'Raw Data'!B4:B30,'Raw Data'!J4:J30) -> 196 | D16: =RANK(C16,$C$2:$C$29,0) -> 15 | E16: =C16/SUM($C$2:$C$29) -> 0.010705118
A17: 20 | B17: =_xlfn.XLOOKUP(A17,'Raw Data'!A$2:A$29,'Raw Data'!B$2:B$29) -> Punjab | C17: =_xlfn.XLOOKUP(B17,'Raw Data'!B21:B48,'Raw Data'!J21:J48) -> 182 | D17: =RANK(C17,$C$2:$C$29,0) -> 16 | E17: =C17/SUM($C$2:$C$29) -> 0.0099404664
A18: 28 | B18: =_xlfn.XLOOKUP(A18,'Raw Data'!A$2:A$29,'Raw Data'!B$2:B$29) -> West Bengal | C18: =_xlfn.XLOOKUP(B18,'Raw Data'!B29:B56,'Raw Data'!J29:J56) -> 147 | D18: =RANK(C18,$C$2:$C$29,0) -> 17 | E18: =C18/SUM($C$2:$C$29) -> 0.0080288383
A19: 27 | B19: =_xlfn.XLOOKUP(A19,'Raw Data'!A$2:A$29,'Raw Data'!B$2:B$29) -> Uttarakhand | C19: =_xlfn.XLOOKUP(B19,'Raw Data'!B28:B55,'Raw Data'!J28:J55) -> 57 | D19: =RANK(C19,$C$2:$C$29,0) -> 18 | E19: =C19/SUM($C$2:$C$29) -> 0.003113223
A20: 16 | B20: =_xlfn.XLOOKUP(A20,'Raw Data'!A$2:A$29,'Raw Data'!B$2:B$29) -> Meghalaya | C20: =_xlfn.XLOOKUP(B20,'Raw Data'!B17:B44,'Raw Data'!J17:J44) -> 35 | D20: =RANK(C20,$C$2:$C$29,0) -> 19 | E20: =C20/SUM($C$2:$C$29) -> 0.0019116282
A21: 17 | B21: =_xlfn.XLOOKUP(A21,'Raw Data'!A$2:A$29,'Raw Data'!B$2:B$29) -> Mizoram | C21: =_xlfn.XLOOKUP(B21,'Raw Data'!B18:B45,'Raw Data'!J18:J45) -> 33 | D21: =RANK(C21,$C$2:$C$29,0) -> 20 | E21: =C21/SUM($C$2:$C$29) -> 0.0018023923
A22: 9 | B22: =_xlfn.XLOOKUP(A22,'Raw Data'!A$2:A$29,'Raw Data'!B$2:B$29) -> Himachal Pradesh | C22: =_xlfn.XLOOKUP(B22,'Raw Data'!B10:B30,'Raw Data'!J10:J30) -> 30 | D22: =RANK(C22,$C$2:$C$29,0) -> 21 | E22: =C22/SUM($C$2:$C$29) -> 0.0016385384
A23: 2 | B23: =_xlfn.XLOOKUP(A23,'Raw Data'!A$2:A$29,'Raw Data'!B$2:B$29) -> Arunachal Pradesh | C23: =_xlfn.XLOOKUP(B23,'Raw Data'!B3:B30,'Raw Data'!J3:J30) -> 25 | D23: =RANK(C23,$C$2:$C$29,0) -> 22 | E23: =C23/SUM($C$2:$C$29) -> 0.0013654487
A24: 6 | B24: =_xlfn.XLOOKUP(A24,'Raw Data'!A$2:A$29,'Raw Data'!B$2:B$29) -> Goa | C24: =_xlfn.XLOOKUP(B24,'Raw Data'!B7:B30,'Raw Data'!J7:J30) -> 23 | D24: =RANK(C24,$C$2:$C$29,0) -> 23 | E24: =C24/SUM($C$2:$C$29) -> 0.0012562128
A25: 10 | B25: =_xlfn.XLOOKUP(A25,'Raw Data'!A$2:A$29,'Raw Data'!B$2:B$29) -> Jharkhand | C25: =_xlfn.XLOOKUP(B25,'Raw Data'!B11:B30,'Raw Data'!J11:J30) -> 16 | D25: =RANK(C25,$C$2:$C$29,0) -> 24 | E25: =C25/SUM($C$2:$C$29) -> 0.00087388716
A26: 25 | B26: =_xlfn.XLOOKUP(A26,'Raw Data'!A$2:A$29,'Raw Data'!B$2:B$29) -> Tripura | C26: =_xlfn.XLOOKUP(B26,'Raw Data'!B26:B53,'Raw Data'!J26:J53) -> 10 | D26: =RANK(C26,$C$2:$C$29,0) -> 25 | E26: =C26/SUM($C$2:$C$29) -> 0.00054617947
A27: 15 | B27: =_xlfn.XLOOKUP(A27,'Raw Data'!A$2:A$29,'Raw Data'!B$2:B$29) -> Manipur | C27: =_xlfn.XLOOKUP(B27,'Raw Data'!B16:B43,'Raw Data'!J16:J43) -> 5 | D27: =RANK(C27,$C$2:$C$29,0) -> 26 | E27: =C27/SUM($C$2:$C$29) -> 0.00027308974
A28: 22 | B28: =_xlfn.XLOOKUP(A28,'Raw Data'!A$2:A$29,'Raw Data'!B$2:B$29) -> Sikkim | C28: =_xlfn.XLOOKUP(B28,'Raw Data'!B23:B50,'Raw Data'!J23:J50) -> 3 | D28: =RANK(C28,$C$2:$C$29,0) -> 27 | E28: =C28/SUM($C$2:$C$29) -> 0.00016385384
A29: 18 | B29: =_xlfn.XLOOKUP(A29,'Raw Data'!A$2:A$29,'Raw Data'!B$2:B$29) -> Nagaland | C29: =_xlfn.XLOOKUP(B29,'Raw Data'!B19:B46,'Raw Data'!J19:J46) -> 2 | D29: =RANK(C29,$C$2:$C$29,0) -> 28 | E29: =C29/SUM($C$2:$C$29) -> 0.00010923589

Sheet Notes
A2: You may actually find that higher literacy states have MORE cyber crimes — Karnataka, Maharashtra, Tamil Nadu are both highly literate AND high crime. That's not a mistake — it shows that more digitally connected, educated women are MORE exposed to online crimes. | C2: The story has 3 chapters:
A4: That finding is actually more interesting and honest than the opposite. It tells a completely different policy story — that digital safety infrastructure, not just literacy, is what matters. | C4: Chapter 1 — The Surface (Page 1) "Here's what the data looks like at first glance"
A6: The crimes in your dataset are crimes against women specifically — cyber stalking, morphing, fake profiles, sexual intercourse by deceitful means. | C6: Which states have most raw cyber crimes
C7: What types of crimes are happening
A8: So the question you're asking is: | C8: Karnataka, Maharashtra, UP dominate
A10: "Does a woman's education level relate to her exposure to or reporting of cyber crimes?" | C10: Chapter 2 — The Truth (Page 2) "But raw numbers are misleading — here's what's really happening"
A12: That question only makes sense if you compare it to female literacy — not male. | C12: When adjusted for population — the ranking completely changes
C13: Karnataka is still high but UP drops dramatically
C14: Small states like Mizoram, Telangana are more dangerous than they appear
C16: Chapter 3 — The Question (Page 3) "So what explains it? Is literacy the answer?"
A17: when you write your finding, frame it carefully:
C18: Scatter plot — literacy vs crime rate
A19: "States with higher female literacy rates also report higher cyber crimes against women — suggesting that more digitally connected women are more exposed to online crimes, or more aware and willing to report them." | C19: Answer — NO clear pattern
C20: High literacy states like Kerala also have high crime
A21: That second part — "or more willing to report" — is important. High reporting doesn't always mean high crime. It can mean high awareness. That nuance makes your analysis mature. | C21: Suggests internet access and reporting culture matter more than literacy
A25: There is no 2024 state-wise female literacy data available freely. Here's why: India's national census has not been conducted since 2011, so there is no official updated state-wise literacy data beyond that year. The most recent national figure comes from the NSSO 2023-24 PLFS report, which gives an overall female literacy rate of 81% for India as a whole — but not broken down by state
A27: Female literacy data used in this analysis is based on estimates from the National Statistical Office (NSO) and Periodic Labour Force Survey (PLFS). Exact state-wise figures for 2024 are unavailable as India's national census has not been conducted since 2011. These estimates are the most current available from official sources
A29: "Female population figures used in this analysis are based on government population projections published by the National Health Mission (NHM), as the national census has not been conducted since 2011."
A30: NCRB data only captures reported crimes. Many cyber crimes against women go unreported due to stigma, lack of awareness, or distrust in the system. The actual number of crimes is likely much higher than what this data shows."
